{
    "lr_mae": 0.49403761412733205,
    "lr_rmse": 0.6208816354639717,
    "rf_accuracy": 0.6471816283924844,
    "rf_auc": 0.7903756041563449
}