{
    "gpa_acc": 0.7118997912317327,
    "gradeclass_acc": 0.6430062630480167
}