Parameter,MAE
"prior=BDeu, ess=5",0.38995824634655534
"prior=BDeu, ess=10",0.38995824634655534
"prior=BDeu, ess=20",0.38995824634655534
"prior=K2, ess=5",0.38995824634655534
"prior=K2, ess=10",0.38995824634655534
"prior=K2, ess=20",0.38995824634655534
